{"cameraMode":{"drawMode":0,"name":"Shaded","section":"Shading Mode"},"sceneLighting":true,"audioPlay":false,"sceneViewState":{"showFog":true,"showMaterialUpdate":false,"showSkybox":true,"showFlares":true,"showImageEffects":true,"showParticleSystems":true},"in2DMode":false,"pivot":{"x":0.5870821475982666,"y":16.98819351196289,"z":0.36284980177879336},"rotation":{"x":0.7134420871734619,"y":-1.0954125800877179e-10,"z":2.1765109159410657e-10,"w":0.7007142305374146},"size":8.41821002960205,"orthographic":false}