{"cameraMode":{"drawMode":0,"name":"Shaded","section":"Shading Mode"},"sceneLighting":true,"audioPlay":false,"sceneViewState":{"showFog":true,"showMaterialUpdate":false,"showSkybox":true,"showFlares":true,"showImageEffects":true,"showParticleSystems":true},"in2DMode":false,"pivot":{"x":0.3701383173465729,"y":18.26864242553711,"z":-0.25446510314941409},"rotation":{"x":0.7071060538291931,"y":-0.0010606598807498813,"z":0.0010606598807498813,"w":0.7071060538291931},"size":3.4651150703430177,"orthographic":false}