{"cameraMode":{"drawMode":0,"name":"Shaded","section":"Shading Mode"},"sceneLighting":true,"audioPlay":false,"sceneViewState":{"showFog":true,"showMaterialUpdate":false,"showSkybox":true,"showFlares":true,"showImageEffects":true,"showParticleSystems":true},"in2DMode":false,"pivot":{"x":9.57929801940918,"y":2.835475444793701,"z":-2.6900219917297365},"rotation":{"x":0.36207664012908938,"y":-0.005031714215874672,"z":0.0019545406103134157,"w":0.9321337938308716},"size":22.074007034301759,"orthographic":true}